{
    "bias_acc": [
        -0.020285340640507885,
        0.04909447896075893,
        0.004239664148888
    ],
    "bias_gyr": [
        0.0012506873294101967,
        0.0018214462855865694,
        -0.00023591357678596405
    ],
    "var_acc": [
        0.00048269351490015124,
        0.0008901150122184036,
        8.11342726225026e-05
    ],
    "var_gyr": [
        4.019372037584265e-05,
        3.3488623536697144e-05,
        5.86426451906092e-06
    ],
    "n_samples": 302,
    "duration": 60.199307680130005
}